package,function,complexity,position
internal/buyer,(*DefaultAgent).HandleClarification,49,internal/buyer/clarification.go:82
internal/matching,(*Evaluator).Evaluate,44,internal/matching/matching.go:82
internal/intake,(Jev).Plan,42,internal/intake/jev.go:78
internal/buyer,(*DefaultAgent).handlePipeline,35,internal/buyer/pipeline.go:86
internal/clarification,Apply,30,internal/clarification/clarification.go:206
internal/buyer,(*DefaultAgent).questionImpact,28,internal/buyer/clarification.go:424
internal/buyer,(*DefaultAgent).prepareClarification,27,internal/buyer/clarification.go:245
internal/matching,validateAssessments,26,internal/matching/matching.go:192
internal/matching/jev,assessmentsFrom,26,internal/matching/jev/client.go:87
internal/search,(Query).Validate,25,internal/search/search.go:92
internal/buyer,(*pipeline).assessQualitative,24,internal/buyer/pipeline.go:395
internal/quality,auditFromProbability,24,internal/quality/quality.go:100
internal/clarification,Validate,23,internal/clarification/clarification.go:126
internal/clarification,ValidateEffect,23,internal/clarification/clarification.go:161
internal/eligibility,Extract,23,internal/eligibility/extract.go:55
internal/buyer,explicitlyChanges,22,internal/buyer/clarification.go:393
internal/intake,extractNumbers,22,internal/intake/extract.go:45
internal/intake,resolve,22,internal/intake/planner.go:106
internal/matching,(Baseline).Classify,22,internal/matching/matching.go:253
internal/agency,PreparePropertyInput,20,internal/agency/catalog.go:124
internal/buyer,BuildShortlist,19,internal/buyer/shortlist.go:45
cmd/listings,runAudit,17,cmd/listings/main.go:93
internal/httpapi,registerAgency,15,internal/httpapi/agency.go:15
internal/listing,(*Parser).Parse,15,internal/listing/parser.go:41
internal/local,(*Client).Chat,15,internal/local/client.go:88
cmd/listings,runLoad,14,cmd/listings/main.go:302
internal/buyer,templateReply,14,internal/buyer/writer.go:79
internal/buyer,(*pipeline).rank,13,internal/buyer/pipeline.go:258
internal/eligibility,Relaxations,13,internal/eligibility/eligibility.go:158
cmd/hausy,main,12,cmd/hausy/main.go:129
internal/bedrock,(*Client).Chat,12,internal/bedrock/client.go:32
internal/buyer,requirementsFromQuery,12,internal/buyer/requirements.go:17
internal/httpapi,NewHandler,12,internal/httpapi/handler.go:46
internal/intake,applyNumber,11,internal/intake/jev.go:289
internal/jev,(*Client).Evaluate,11,internal/jev/jev.go:80
cmd/listings,runParse,10,cmd/listings/main.go:200
internal/agency,ValidateContactIntent,10,internal/agency/catalog.go:195
internal/agency,validateMoney,10,internal/agency/catalog.go:181
internal/buyer,lightHints,10,internal/buyer/pipeline.go:481
internal/clarification,(Judge).Propose,10,internal/clarification/judge.go:44
internal/eligibility,Assess,10,internal/eligibility/eligibility.go:61
internal/jev,(*Client).once,10,internal/jev/jev.go:166
internal/quality,AuditBatch,10,internal/quality/quality.go:70
internal/store/postgres,(*Store).Migrate,10,internal/store/postgres/store.go:43
internal/store/postgres,(*Store).Update,10,internal/store/postgres/agency.go:123
internal/auth,verifyPassword,9,internal/auth/local.go:172
internal/bedrock,(*Client).stream,9,internal/bedrock/client.go:98
internal/clarification,currencyQuestion,9,internal/clarification/judge.go:109
internal/eligibility,incomeOutcome,9,internal/eligibility/eligibility.go:113
internal/httpapi,registerQualification,9,internal/httpapi/handler.go:160
internal/intake,declaredOnly,9,internal/intake/qwen.go:100
internal/store/postgres,(*Store).RecordContactIntent,9,internal/store/postgres/agency.go:204
internal/store/postgres,(*Store).Search,9,internal/store/postgres/search.go:133
internal/store/postgres,(*Store).candidates,9,internal/store/postgres/eligibility.go:70
cmd/listings,main,8,cmd/listings/main.go:35
internal/auth,(*Local).SignUp,8,internal/auth/local.go:80
internal/intake,(Planner).Plan,8,internal/intake/planner.go:50
internal/intake,hasDeclaredIncomeAmount,8,internal/intake/qwen.go:119
internal/jev,(*Client).evaluate,8,internal/jev/jev.go:147
internal/listing,dropContradictions,8,internal/listing/parser.go:162
internal/local,readStream,8,internal/local/client.go:161
internal/logging,ErrorClass,8,internal/logging/logging.go:29
internal/pipeline,ExtractEligibility,8,internal/pipeline/eligibility.go:26
internal/pipeline,Parse,8,internal/pipeline/pipeline.go:62
internal/store/postgres,(*Store).Add,8,internal/store/postgres/agency.go:15
internal/store/postgres,(*Store).ExportReviews,8,internal/store/postgres/quality.go:45
internal/store/postgres,(*Store).SaveQualification,8,internal/store/postgres/eligibility.go:158
internal/store/postgres,(*Store).SaveReview,8,internal/store/postgres/quality.go:99
internal/store/postgres,applyBaseConditions,8,internal/store/postgres/search.go:49
cmd/listings,runEligibility,7,cmd/listings/main.go:260
cmd/listings,writeReviewSnapshot,7,cmd/listings/main.go:164
internal/agency,(*MemoryCatalog).RecordContactIntent,7,internal/agency/memory.go:102
internal/buyer,knownDroppedRequirement,7,internal/buyer/clarification.go:357
internal/httpapi,logRequests,7,internal/httpapi/logging.go:47
internal/httpapi,registerAuth,7,internal/httpapi/auth.go:34
internal/intake,(Qwen).Plan,7,internal/intake/qwen.go:22
internal/intake,decodeQwenPlan,7,internal/intake/qwen.go:66
internal/intake,dropUnsaidPrice,7,internal/intake/planner.go:168
internal/intake,multiplier,7,internal/intake/extract.go:33
internal/intake,repair,7,internal/intake/qwen.go:138
internal/intake,repairFilters,7,internal/intake/qwen.go:156
internal/intake,typeQuestion,7,internal/intake/jev.go:244
internal/pipeline,KeepParsed,7,internal/pipeline/pipeline.go:143
internal/pipeline,LoadQuality,7,internal/pipeline/quality.go:17
internal/store/postgres,(*Store).ReviewQueue,7,internal/store/postgres/quality.go:14
internal/store/postgres,(*Store).Save,7,internal/store/postgres/store.go:131
internal/auth,(*Local).SignIn,6,internal/auth/local.go:102
internal/buyer,separateQualitative,6,internal/buyer/pipeline.go:333
internal/clarification,roomsQuestion,6,internal/clarification/judge.go:84
internal/intake,addFilter,6,internal/intake/jev.go:271
internal/listing,detectCurrency,6,internal/listing/raw.go:196
internal/listing,parseDecimal,6,internal/listing/raw.go:211
internal/matching/jev,(*Client).ClassifyBatch,6,internal/matching/jev/client.go:38
internal/pipeline,Load,6,internal/pipeline/pipeline.go:189
internal/pipeline,LoadEligibility,6,internal/pipeline/eligibility.go:67
internal/quality,Audit,6,internal/quality/quality.go:55
internal/store/postgres,(*Store).List,6,internal/store/postgres/agency.go:74
internal/store/postgres,CheckDisposableURI,6,internal/store/postgres/guard.go:14
cmd/hausy,logLevelFromEnv,5,cmd/hausy/main.go:114
cmd/hausy,newLLMClient,5,cmd/hausy/main.go:60
internal/buyer,compareMissingLast,5,internal/buyer/pipeline.go:519
internal/buyer,confirmAmenities,5,internal/buyer/pipeline.go:381
internal/buyer,matched,5,internal/buyer/pipeline.go:367
internal/buyer,mergeQualification,5,internal/buyer/pipeline.go:543
internal/buyer,verdictLabel,5,internal/buyer/writer.go:67
internal/httpapi,writeAgencyError,5,internal/httpapi/agency.go:109
internal/httpapi,writeAuthError,5,internal/httpapi/auth.go:97
internal/jev,split,5,internal/jev/jev.go:122
internal/listing,parseAge,5,internal/listing/raw.go:247
internal/pipeline,ParsedURLs,5,internal/pipeline/pipeline.go:166
internal/pipeline,mergeAttributes,5,internal/pipeline/pipeline.go:117
internal/search,normaliseSlugs,5,internal/search/search.go:184
internal/store/postgres,(*Store).ByURL,5,internal/store/postgres/store.go:205
internal/store/postgres,(*Store).SaveEligibility,5,internal/store/postgres/eligibility.go:16
internal/store/postgres,(*Store).rulesFor,5,internal/store/postgres/eligibility.go:113
internal/store/postgres,applyPriceCondition,5,internal/store/postgres/search.go:110
cmd/listings,runSnapshot,4,cmd/listings/main.go:73
internal/agency,(*MemoryCatalog).Update,4,internal/agency/memory.go:61
internal/auth,(*Local).Authenticate,4,internal/auth/local.go:128
internal/buyer,(*DefaultAgent).PendingClarification,4,internal/buyer/clarification.go:72
internal/buyer,(LocalWriter).Write,4,internal/buyer/writer.go:34
internal/buyer,(boundedInventory).Candidates,4,internal/buyer/clarification.go:42
internal/buyer,byUserSort,4,internal/buyer/pipeline.go:505
internal/buyer,canRemove,4,internal/buyer/clarification.go:335
internal/buyer,fit,4,internal/buyer/pipeline.go:531
internal/buyer,preserveConfirmed,4,internal/buyer/clarification.go:377
internal/buyer,statesAll,4,internal/buyer/pipeline.go:356
internal/buyer,unsupportedQuestion,4,internal/buyer/clarification.go:318
internal/clarification,(Model).Normalize,4,internal/clarification/clarification.go:80
internal/clarification,incomeQuestion,4,internal/clarification/judge.go:167
internal/eligibility,outcome,4,internal/eligibility/eligibility.go:96
internal/httpapi,streamTurn,4,internal/httpapi/handler.go:124
internal/intake,barePesos,4,internal/intake/planner.go:186
internal/intake,vocabularyTypes,4,internal/intake/jev.go:334
internal/jev,gatewayError,4,internal/jev/jev.go:210
internal/jev,weight,4,internal/jev/jev.go:140
internal/listing,Normalize,4,internal/listing/raw.go:50
internal/listing,detectOperation,4,internal/listing/raw.go:103
internal/listing,normalizeFeatureKeys,4,internal/listing/raw.go:153
internal/listing,stripFences,4,internal/listing/parser.go:222
internal/matching/jev,questionsFor,4,internal/matching/jev/client.go:64
internal/store/postgres,(*Store).AdmissibleFacts,4,internal/store/postgres/eligibility.go:138
internal/store/postgres,(*Store).CreateUser,4,internal/store/postgres/users.go:21
internal/store/postgres,(*Store).Qualification,4,internal/store/postgres/eligibility.go:183
internal/store/postgres,(*Store).Remove,4,internal/store/postgres/agency.go:173
internal/store/postgres,(*Store).SaveQualityRecord,4,internal/store/postgres/quality.go:81
internal/store/postgres,(*Store).countUnpriced,4,internal/store/postgres/search.go:234
internal/store/postgres,splitPreferences,4,internal/store/postgres/search.go:254
cmd/hausy,writerClient,3,cmd/hausy/main.go:81
cmd/listings,reportErrors,3,cmd/listings/main.go:381
internal/agency,(*MemoryCatalog).Add,3,internal/agency/memory.go:36
internal/agency,(*MemoryCatalog).Remove,3,internal/agency/memory.go:85
internal/auth,(*MemoryStore).CreateSession,3,internal/auth/memory.go:56
internal/auth,hashPassword,3,internal/auth/local.go:159
internal/buyer,qualitativeQuestion,3,internal/buyer/pipeline.go:498
internal/buyer,resultSignature,3,internal/buyer/clarification.go:521
internal/clarification,(Model).Propose,3,internal/clarification/clarification.go:57
internal/clarification,guaranteeQuestion,3,internal/clarification/judge.go:157
internal/httpapi,authenticatedRealtor,3,internal/httpapi/agency.go:96
internal/httpapi,turnError,3,internal/httpapi/handler.go:99
internal/intake,(Planner).try,3,internal/intake/planner.go:86
internal/intake,habitaciones,3,internal/intake/extract.go:111
internal/intake,incomeBand,3,internal/intake/jev.go:325
internal/intake,mentionedBarrios,3,internal/intake/extract.go:82
internal/intake,spottedNames,3,internal/intake/extract.go:123
internal/intake,vocabularyLines,3,internal/intake/qwen.go:198
internal/jev,New,3,internal/jev/jev.go:63
internal/listing,(Raw).Validate,3,internal/listing/raw.go:33
internal/listing,AllowsValue,3,internal/listing/listing.go:97
internal/listing,StatedAmenities,3,internal/listing/listing.go:128
internal/listing,detectExposure,3,internal/listing/raw.go:117
internal/listing,reportsAbsence,3,internal/listing/parser.go:193
internal/listing,systemPrompt,3,internal/listing/parser.go:237
internal/local,NewClient,3,internal/local/client.go:32
internal/logging,FromContext,3,internal/logging/logging.go:20
internal/matching/jev,(*Client).Classify,3,internal/matching/jev/client.go:24
internal/quality,evidence,3,internal/quality/quality.go:142
internal/search,contains,3,internal/search/search.go:201
internal/search,validateAttribute,3,internal/search/search.go:156
internal/store/postgres,(*Store).CreateSession,3,internal/store/postgres/users.go:56
internal/store/postgres,(*Store).PreviewCandidates,3,internal/store/postgres/eligibility.go:48
internal/store/postgres,(*Store).SessionUser,3,internal/store/postgres/users.go:71
internal/store/postgres,(*Store).UserByEmail,3,internal/store/postgres/users.go:38
internal/store/postgres,(*Store).inTx,3,internal/store/postgres/store.go:263
internal/store/postgres,Open,3,internal/store/postgres/store.go:25
internal/store/postgres,catalogIDs,3,internal/store/postgres/agency.go:190
internal/store/postgres,upsertAgency,3,internal/store/postgres/store.go:175
cmd/hausy,awsCredentials,2,cmd/hausy/main.go:96
cmd/hausy,envOrDefault,2,cmd/hausy/main.go:107
cmd/hausy,plannerFromEnv,2,cmd/hausy/main.go:201
cmd/listings,envOrDefault,2,cmd/listings/main.go:193
internal/auth,(*Local).SignOut,2,internal/auth/local.go:143
internal/auth,(*MemoryStore).CreateUser,2,internal/auth/memory.go:34
internal/auth,(*MemoryStore).SessionUser,2,internal/auth/memory.go:68
internal/auth,(*MemoryStore).UserByEmail,2,internal/auth/memory.go:46
internal/auth,(Role).Valid,2,internal/auth/auth.go:27
internal/auth,NewLocal,2,internal/auth/local.go:70
internal/bedrock,reply,2,internal/bedrock/client.go:88
internal/buyer,(*DefaultAgent).HandleMessage,2,internal/buyer/agent.go:117
internal/buyer,NewAgent,2,internal/buyer/agent.go:105
internal/buyer,effectTarget,2,internal/buyer/clarification.go:238
internal/buyer,newQuestionID,2,internal/buyer/clarification.go:347
internal/buyer,sortRequirements,2,internal/buyer/requirements.go:70
internal/buyer,withoutInvalidAttributes,2,internal/buyer/clarification.go:413
internal/clarification,(Judge).Normalize,2,internal/clarification/judge.go:75
internal/clarification,UnnamedAmenities,2,internal/clarification/clarification.go:116
internal/clarification,amenityChoices,2,internal/clarification/judge.go:149
internal/clarification,cloneQualification,2,internal/clarification/clarification.go:282
internal/clarification,grouped,2,internal/clarification/judge.go:130
internal/clarification,plural,2,internal/clarification/judge.go:138
internal/eligibility,firstOr,2,internal/eligibility/eligibility.go:131
internal/httpapi,(*statusWriter).Write,2,internal/httpapi/logging.go:37
internal/httpapi,(*statusWriter).WriteHeader,2,internal/httpapi/logging.go:29
internal/httpapi,bearerToken,2,internal/httpapi/auth.go:89
internal/httpapi,decodeJSON,2,internal/httpapi/auth.go:79
internal/httpapi,runTurn,2,internal/httpapi/handler.go:92
internal/httpapi,setOutcome,2,internal/httpapi/logging.go:18
internal/intake,strengthQuestion,2,internal/intake/jev.go:263
internal/listing,NamesAmenity,2,internal/listing/listing.go:119
internal/listing,parseCount,2,internal/listing/raw.go:236
internal/listing,parseMoney,2,internal/listing/raw.go:188
internal/listing,quotes,2,internal/listing/parser.go:206
internal/listing,truncate,2,internal/listing/parser.go:213
internal/local,toWireMessages,2,internal/local/client.go:79
internal/quality,integer,2,internal/quality/quality.go:166
internal/quality,money,2,internal/quality/quality.go:159
internal/search,AttributeTypes,2,internal/search/search.go:172
internal/store/postgres,(*Store).DeleteSession,2,internal/store/postgres/users.go:91
internal/store/postgres,(*Store).HasAttributeData,2,internal/store/postgres/eligibility.go:57
internal/store/postgres,(*Store).QuarantineLegacy,2,internal/store/postgres/quality.go:122
internal/store/postgres,(*builder).whereClause,2,internal/store/postgres/search.go:38
internal/store/postgres,derefFloat,2,internal/store/postgres/search.go:289
internal/store/postgres,derefInt,2,internal/store/postgres/search.go:296
internal/store/postgres,excerpt,2,internal/store/postgres/search.go:279
internal/store/postgres,nullable,2,internal/store/postgres/store.go:278
internal/store/postgres,splitFilters,2,internal/store/postgres/search.go:269
cmd/hausy,serverConfigFromEnv,1,cmd/hausy/main.go:42
cmd/listings,usage,1,cmd/listings/main.go:61
internal/agency,(*MemoryCatalog).List,1,internal/agency/memory.go:27
internal/agency,(ValidationError).Error,1,internal/agency/catalog.go:39
internal/agency,(ValidationError).Unwrap,1,internal/agency/catalog.go:43
internal/agency,NewMemoryCatalog,1,internal/agency/memory.go:19
internal/auth,(*MemoryStore).DeleteSession,1,internal/auth/memory.go:78
internal/auth,(RegistrationError).Error,1,internal/auth/auth.go:70
internal/auth,(RegistrationError).Unwrap,1,internal/auth/auth.go:71
internal/auth,NewMemoryStore,1,internal/auth/memory.go:30
internal/auth,WithClock,1,internal/auth/local.go:65
internal/auth,normalizeEmail,1,internal/auth/local.go:150
internal/auth,tokenHash,1,internal/auth/local.go:152
internal/bedrock,New,1,internal/bedrock/client.go:27
internal/buyer,WithClarifier,1,internal/buyer/pipeline.go:68
internal/buyer,WithMatching,1,internal/buyer/pipeline.go:77
internal/buyer,formatAmount,1,internal/buyer/requirements.go:66
internal/buyer,logClarification,1,internal/buyer/clarification.go:67
internal/buyer,retryQuestion,1,internal/buyer/clarification.go:63
internal/buyer,sortedRequirements,1,internal/buyer/pipeline.go:557
internal/clarification,amenitiesQuestion,1,internal/clarification/judge.go:145
internal/clarification,stripFence,1,internal/clarification/clarification.go:101
internal/eligibility,hasReason,1,internal/eligibility/eligibility.go:138
internal/httpapi,(*statusWriter).Unwrap,1,internal/httpapi/logging.go:45
internal/httpapi,writeJSON,1,internal/httpapi/handler.go:152
internal/intake,(*Unresolved).Error,1,internal/intake/planner.go:84
internal/intake,boolean,1,internal/intake/jev.go:66
internal/intake,choice,1,internal/intake/jev.go:62
internal/intake,invented,1,internal/intake/qwen.go:154
internal/intake,normalize,1,internal/intake/extract.go:18
internal/intake,slug,1,internal/intake/jev.go:345
internal/listing,(*Parser).Model,1,internal/listing/parser.go:31
internal/listing,NewParser,1,internal/listing/parser.go:26
internal/listing,foldLabel,1,internal/listing/raw.go:178
internal/logging,WithLogger,1,internal/logging/logging.go:15
internal/matching,New,1,internal/matching/matching.go:80
internal/matching/jev,New,1,internal/matching/jev/client.go:20
internal/matching/jev,options,1,internal/matching/jev/client.go:142
internal/pipeline,(*Report).fail,1,internal/pipeline/pipeline.go:44
internal/pipeline,scannerFor,1,internal/pipeline/pipeline.go:51
internal/quality,Fingerprint,1,internal/quality/quality.go:42
internal/search,(AttributeFilter).String,1,internal/search/search.go:41
internal/store/postgres,(*Store).Candidates,1,internal/store/postgres/eligibility.go:42
internal/store/postgres,(*Store).Close,1,internal/store/postgres/store.go:38
internal/store/postgres,(*Store).Count,1,internal/store/postgres/store.go:243
internal/store/postgres,(*Store).CountAgencies,1,internal/store/postgres/store.go:250
internal/store/postgres,(*Store).DeleteAll,1,internal/store/postgres/store.go:258
internal/store/postgres,(*builder).param,1,internal/store/postgres/search.go:31
internal/store/postgres,(*builder).where,1,internal/store/postgres/search.go:36
